{"cameraMode":{"drawMode":0,"name":"Shaded","section":"Shading Mode"},"sceneLighting":true,"audioPlay":false,"sceneViewState":{"m_AlwaysRefresh":false,"showFog":true,"showSkybox":true,"showFlares":true,"showImageEffects":true,"showParticleSystems":true,"showVisualEffectGraphs":true,"m_FxEnabled":true},"in2DMode":false,"pivot":{"x":-23.299633026123048,"y":2.833341598510742,"z":5.5393171310424809},"rotation":{"x":-0.20732487738132478,"y":0.25259703397750857,"z":-0.05550765618681908,"w":-0.9434671998023987},"size":21.60528564453125,"orthographic":false}